id_comedor,comedor,nombre,direccion,colonia,delegacion
0,CC001,LEYES DE REFORMA,BATALLA DE LOMA ALTA MZ  124100 D   C.P. 09310,LEYES DE REFORMA 3A SECC,IZTAPALAPA
1,CC003,PROGRESO NACIONAL,6 #46  C.P. 07600,PROGRESO NACIONAL,GUSTAVO A. MADERO
2,CC005,MARTHA,TEPEQUENTECH  #117  C.P. 12300,PUEBLO SAN SALVADOR CUAUHTENCO,MILPA ALTA
3,CC006,LA CUEVITA,LAGO GINEBRA #6106  C.P. 11480,POPO,MIGUEL HIDALGO
4,CC008,ROSITA,INDEPENDENCIA  #24  C.P. 02090,SAN ALVARO,AZCAPOTZALCO
5,CC010,COCINA DE DONA BERTHA,COLINAS MZ  6 LT 2  C.P. 01857,LOMAS DE CHAMONTOYA,ÁLVARO OBREGÓN
6,CC011,KOKITO,ORIENTE 185  #101  C.P. 07410,VILLA HERMOSA,GUSTAVO A. MADERO
7,CC015,MUJERES EN LUCHA,AVENIDA DEL RASTRO S/N  C.P. 14500,PUEBLO DE SAN MIGUEL TOPILEJO,TLALPAN
8,CC016,COMEDOR DE LA ABUELITA,5  LT 4 MZ  75   C.P. 09920,JOSE LOPEZ PORTILLO,IZTAPALAPA
9,CC018,EL RINCON DE ITZUCO,ANDADOR ITZUCO #19  C.P. 08040,CARLOS ZAPATA VELA,IZTACALCO
10,CC019,REVOLUCIONARIO,CENTRAL #51  C.P. 07950,PUEBLO SAN JUAN DE ARAGON,GUSTAVO A. MADERO
11,CC021,LAS GAVILANAS,NEXTLALPAN MZ  786  LOTE 10   C.P. 09609,AMPLIACION  SANTIAGO ACAHUALTEPEC,IZTAPALAPA
12,CC023,EL PARAISO,CERRADA TONATIUH MZ 19  LT 2  C.P. 09230,PARAISO,IZTAPALAPA
13,CC024,IGNACIO ZARAGOZA,EMILIO AZCARRAGA EDIF 30-B  C.P. 09228,UNIDAD HABITACIONAL IGNACIO ZARAGOZA,IZTAPALAPA
14,CC025,TEPALCATES,PRIMAVERA #76  C.P. 09210,TEPACATES,IZTAPALAPA
15,CC026,LAS ROSAS,RANCHO S/N  C.P. 14735,SAN NICOLAS II,TLALPAN
16,CC028,AGUILAS,BAHIA #93  C.P. 01759,AMPLIACION AGUILAS,ÁLVARO OBREGÓN
17,CC031,LA PANZA ES PRIMERO,SUR 127  #2415  C.P. 08730,GABRIEL RAMOS MILLAN,IZTACALCO
18,CC032,TRFO,AVENIDA HIDALGO #234  C.P. 04260,SAN FRANCISCO CULHUACAN,COYOACÁN
19,CC034,EL CORAZON DE XOCHIMILCO,GLADIOLAS NUMERO 40 ,BARRIO DE SAN ANTONIO,XOCHIMILCO
20,CC039,ADULTO MAYOR,CATALINA  BUENDIA S/N  C.P. 04490,UNIDAD HABITACIONAL SECC PILOTO CULHUACAN,COYOACÁN
21,CC041,SAN SEBASTIAN TECOLOXTITLAN,COLIMA ESQUINA  YUCATAN S/N  C.P. 09520,PUEBLO SAN SEBASTIAN TECOLOXTITLA,IZTAPALAPA
22,CC047,CASA DE LA LUNA,SAN FEDERICO  MZ  619  LT 16   C.P. 04600,PEDREGAL DE SANTA URSULA,COYOACÁN
23,CC049,TEPEXIMILPA,MATLAZINCAS MZ  16  LT 16   C.P. 14420,TEPEXIMILPA,TLALPAN
24,CC050,LA ESPERANZA,AVENIDA  ACUEDUCTO #659  C.P. 07350,BARRIO GUADALUPE TICOMAN,GUSTAVO A. MADERO
25,CC052,JOSE MARIA MORELOS,AVENIDA MANUEL BONILLA S/N  C.P 09230,UNIDAD HABITACIONAL JOSE MARFA MORELOS Y PAVON,IZTAPALAPA
26,CC053,JADE DEL SUR,NINOS HEROES #59  C.P. 16900,EL PEDREGAL DE SAN FRANCISCO,XOCHIMILCO
27,CC055,EL MIRADOR,MIRADOR  LOTE 4 MANZANA  29,AMPLIACION TEPEPAN,XOCHIMILCO
28,CC057,TULIPANES,TULIPANES NUMERO 4 ,AMPLIACION TETITLA SANTA CRUZ ACALPIXCA,XOCHIMILCO
29,CC058,CALLEJON NO  ME  OLVIDES,CALLEJON NO ME OLVIDES  NUMERO 113  C.P. 16040,BARRIO SAN LORENZO,XOCHIMILCO
30,CC059,LOS 7  ANGELES,CARRETERA VIEJA A XOCHIMILCO TULYEHUALCO NLIMERO 58 ,PUEBLO DE SANTA MARFA NATIVITAS,XOCHIMILCO
31,CC063,EL CHIQUIHUITE,SOR JUANA INES DE LA CRUZ #11  C.P. 07210,DEL BOSQUE,GUSTAVO A. MADERO
32,CC064,TONACAYO,AVENIDA 29 DE OCTUBRE MZ  48  LT 2  C.P. 01860,LOMAS DE LA ERA,ÁLVARO OBREGÓN
33,CC066,EL HERRANTE,VIADUCTO MZ  66  LOTE 2A   C.P. 13319,LA ESTACION,TlAHUAC
34,CC067,MAMA YOLANDA,AVENIDA  VERACRUZ NORTE #23  C.P. 12000,BARRIO SANTA CRUZ,MILPA ALTA
35,CC068,SAN NICOLAS,PROGRESO  #9   C.P. 10900,SAN NICOLAS TOTOLAPAN,MAGDALENA  CONTRERAS
36,CC069,LOMAS DE PADIERNA,YOBAIN MZ 100  LT 25   C.P. 14200,LOMAS DE PADIERNA,TLALPAN
37,CC070,EL TRIUNFO,20 DE NOVIEMBRE MZ  14  LT 122  C.P. 07520,25 DEJULIO,GUSTAVO A. MADERO
38,CC071,UN RINCONCITO CERCA DEL CIELO,QUINTANA ROO MZ  124  LT 15   C.P. 07210,CHALMA DE GUADALUPE,GUSTAVO A. MADERO
39,CC072,LAURELES,LAURELES MZ  21  LT 24   C.P. 07140,FORESTAL,GUSTAVO A. MADERO
40,CC075,CITLALTEPETL,PUENTE TITLA #127  C.P. 09820,AMPLIACION RICARDO FLORES MAGON,IZTAPALAPA
41,CC077,ROCA DE CRISTAL,DIAMANTE MZ E #87  C.P. 14420,ROCA DE CRISTAL,TLALPAN
42,CC082,MAR AMI,SAN JUAN DEL RIO   #38  C.P. 14260,MIGUEL HIDALGO,TLALPAN
43,CC0BS,FLOR DE AMALILLO,AMALILLO #36  C.P. 14400,SAN ANDRES TOTOLTEPEC,TLALPAN
44,CC086,TECOXPA,MIGUEL HIDALGO #131  C.P. 12700,SAN FRANCISCO TECOXPA,MILPA ALTA
45,CC089,ALFA,ALLENDE #13  C.P. 12400,PUEBLO DE SAN PABLO OZTOTEPEC,MILPA ALTA
46,CC091,LA CARPA,CAMINO REAL 5/N  C.P. 09630,SAN MIGUEL TEOTONGO,IZTAPALAPA
47,CC092,PALMAS,MANZANILLA  ESQUINA  ASTER 5/N  C.P.09630,IXTLAHUALCAN,IZTAPALAPA
48,CC095,CAMPAMENTO,FRANCISCO VILLA MZ  113  LT 19   C.P. 09630,SAN MIGUEL TEOTONGO,IZTAPALAPA
49,CC097,PATY,PRIVADA ZAPATA #8  C.P. 04260,LA MAGDALENA  SAN FRANCISCO CULHUACAN,COYOACÁN
50,CC101,PRIMAVERA,PASEO DE LAS ROSAS MZ  10  LT 1   C.P. 14270,PRIMAVERA,TLALPAN
51,CC105,SAN JUAN,SAN JUAN #32  C.P. 07350,SAN JUAN Y GUADALUPE TICOMAN,GUSTAVO A. MADERO
52,CC107,ANDI,CIPRESES MZ  3 LT 41   C.P. 14450,VALLE VERDE,TLALPAN
53,CC108,COMEDOR CRISTINA,ARTIFICIOS #231  C.P. 01120,ESTADO DE HIDALGO,ÁLVARO OBREGÓN
54,CC109,LAS MORITAS,CALLE C MZ  24  LT 6   C.P. 01160,PRIMERA  VICTORIA SECCION BOSQUES,ÁLVARO OBREGÓN
55,CC114,PANAVIT,ORIENTE 95  5/N  07869,BELISARIO DOMINGUEZ,GUSTAVO A. MADERO
56,CC116,EL TRIUNFO,BENITO JUAREZ MZ  3 LT 4   C.P. 07200,CUAUTEPEC BARRIO BAJO,GUSTAVO A. MADERO
57,CC117,EL RINCONCITO DEL SABOR,AVENIDA LOMAS DE CAPULA MZ  33  LT 15   C.P. 01270,GOLONDRINA  LA   SECCION,ÁLVARO OBREGÓN
58,CC118,MESA LOS HORNOS,LA LOMA S/N  C.P. 14420,MESA DE HORNOS,TLALPAN
59,CC119,MUJERES EN AC.C.ION,CANAL DEL NORTE  #13  C.P. 13620,SAN BARTOLOME  MIXQUIC,TLAHUAC
60,CC120,LOS REYES,EMILIANO ZAPATA MZ  13 LT 22   C.P. 13080,BARRIO DE LOS REYES,TLAHUAC
61,CC122,TLACOALCALLI,GLADIOLA 5/N  C.P. 09690,IXTLAHUACAN,IZTAPALAPA
62,CC124,SABADELL COMKCALLII,SABADEL #119 EDIF TABASCO ENTRADA C DEPARTAMENTO 11   C.P. 09868,SAN JUAN ESTRELLA,IZTAPALAPA
63,CC127,SAN PABLO,FRATERNIDAD 5/N  C.P. 05050,SAN PABLO CHIMALPA,CUAJIMALPA
64,CC133,VICTORIA,CIPRES MZ  3 LT 12   C.P. 09830,EL MANTO,IZTAPALAPA
65,CC134,INSURGENTES,AVENIDA INSURGENTES MZ  68  LT 53   C.P. 09700,PUEBLO SANTA CRUZ MEYEHUALCO,IZTAPALAPA
66,CC138,CALVARIO,AVENIDA MEXICO ORIENTE NUMERO 65 ,SAN GREGORIO ATLAPULCO,XOCHIMILCO
67,CC139,TLATOANI,LUNA MZ 76A  C.P. 09640,LOMAS DE LA ESTANCIA,IZTAPALAPA
68,CC140,LOS PERICOS,CUCO SANCHEZ MZ  146  LT 13   C.P. 09638,AMPLIACION  EMILIANO ZAPATA,IZTAPALAPA
69,CC141,PLATA,BECERRA  #39  C.P. 11870,TACUBAYA,MIGUEL HIDALGO
70,CC144,LAS GU ERRERAS,FRENTE 7 SECCION R LETRA E-106  C.P. 09208,CHINAM  PAC DE JUAREZ,IZTAPALAPA
71,CC145,LA CHOCOLATERA,NACIONAL LOCAL 4  C.P. 15270,MORELOS,VENUSTIANO CARRANZA
72,CC147,CAMPESTRE  POTRERO,LIRIO MZ  101  LT 5   C.P. 09637,CAMPESTRE POTRERO,IZTAPALAPA
73,CC148,EL CARMEN,BENITO JUAREZ NUMERO 33  C.P. 16720,EL CARMEN,XOCHIMILCO
74,CC149,BONANZA,VERACRUZANOS MZ  2 LT 36   C.P. 01220,BONANZA,ÁLVARO OBREGÓN
75,CC152,EL RINCON DE LOS SABORES,ZACAPOAXTLA  #117  C.P. 07510,SAN FELIPE DE JESUS,GUSTAVO A. MADERO
76,CC153,CAROLINE,CALLE PEDRO RAMFREZ DEL CASTILLO NUMER0278 C.P. 16000,BARRIO DE TLACOAPA,XOCHIMILCO
77,CC154,LOMAS DE SANTO DOMINGO,MINA ZOYOPAN #17  C.P. 01100,LOMAS DE SANTO DOMINGO,ÁLVARO OBREGÓN
78,CC156,BELEN,HACIENDA DE LA FLOR MZ  26  LT 24   C.P. 01290,SEGUNDA AMPLIACION PRESIDENTES,ÁLVARO OBREGÓN
79,CC158,TLALMILLE,SIERRA  SAN PEDRO MANZANA  6 LOTE 16 ,TLALMILLE,TLALPAN
80,CC159,KOREY,DZEMUL MZ 975 LT 23   C.P. 14100,PEDREGAL DE SAN NICOLAS,TLALPAN
81,CC162,TLAHUAC,LANGOSTA 5/N  C.P. 13270,DEL MAR,TLAHUAC
82,CC163,MARFA DE LOS ANGELES,CERRADA  DEL RINCON #6  C.P. 10900,SAN NICOLAS TOTOLAPAN,MAGDALENA  CONTRERAS
83,CC166,MARGARITAS,PROLONGACION  BUENAVISTA MZ  65  LT 4   C.P.10900,SAN NICOLAS TOTOLAPAN,MAGDALENA  CONTRERAS
84,CC167,PENA ALTA,AVENIDA PENA ALTA #171  C.P.13549 (13364),AMPLIACION  LA CONCHITA,TLAHUAC
85,CC169,LA INOLVIDABLE,CANAL SECO #30  C.P 13600,SAN ANDRES MIXQUIC,TLAHUAC
86,CC171,LA CHULIS,AVENIDA MORELOS BIS #577  C.P. 15590,MAGDALENA  MIXHUCA,VENUSTIANO CARRANZA
87,CC172,LA LUPITA,BOLONESES #20  C.P. 01160,ISIDRO BAFELA,ÁLVARO OBREGÓN
88,CC173,LAS JIMENEZ DE ZAPOTITLA,ALMA FUERTE MZ  38  LT 24   C.P. 13310,ZAPOTITLA,TLAHUAC
89,CC176,TIZICLIPA,BENITO JUAREZ NUMERO 87 ,TIZICLIPA,XOCHIMILCO
90,CC178,LAS PALOMAS,TEOCALLI MZ  42  LT 64   C.P. 04630,ADOLFO RUIZ CORTINEZ,COYOACÁN
91,CC181,ML  NINA BLANCA,LAGUNA NUMERO 13 ,BARRIO SAN ISIDRO TULYEHUALCO,XOCHIMILCO
92,CC182,MAMA  NES,CALLE 19  #63  C.P. 15010,VALENTIN GOMEZ FARIAS,VENUSTIANO CARRANZA
93,CC183,REBE,REFORMA  NUMERO S ,PUEBLO SANTIAGO TEPALCATLALPAN,XOCHIMILCO
94,CC187,DIANITA,JOSE MARFA GUTIERREZ MZ  C #12  C.P. 09170,UNIDAD HABITACIONAL LA COLMENA,IZTAPALAPA
95,CC189,LA CONSENTIDA,3RA CERRADA  DE APANGO 5/N  C.P. 07180,GENERAL FELIPE BERRIOZABAL,GUSTAVO A. MADERO
96,CC193,CASA DE LA MUJER,VASCO DE QUIROGA #1113 MZ E LT 12   C.P. 01220,LA ESTRELLA,ÁLVARO OBREGÓN
97,CC194,AMAPOLA,NARANJOS MZ  22  LT 3B   C.P. 14275,PARAJE 38,TLALPAN
98,CC195,L6PEZ,CALLE L6PEZ NU MERO 87  LOCAL D,CENTRO HIST6RICO,CUAUHTÉMOC
99,CC196,SAN ANDRES,SOR JUANA INES DE LA CRUZ  C.P. 13640,SAN MIGUEL  SAN ANDRES MIXQUIC,TLAHUAC
100,CC198,EL RINC6N DE CHABELITA,2 CERRADA  DE PALMAS MZ 11  LT 7  C.P. 09780,LOMAS DE SAN LORENZO,IZTAPALAPA
101,CC202,TOMATLAN PROGRESO,PROGRESO ESQUINA CEDRO S/N  C.P. 09870,SANTA MARIA TOMATLAN,IZTAPALAPA
102,CC205,COYOLXACHQUI,REPUBLICA  DE ARGENTINA  NUMERO 63,CENTRO HIST6RICO,CUAUHTÉMOC
103,CC207,TECOMITL,AVENIDA HIDALGO #19  C.P. 12100,SAN ANTONIO TECOMITL,MILPA ALTA
104,CC211,NAVIDAD,ESTRELLA  DE BELEM MZ  FLT  19   C.P. 05219,GRANJAS NAVIDAD,CUAJIMALPA
105,CC214,MONARCAS,TOMAS ELENA #61  C.P. 13093,SAN SEBASTIAN,TLAHUAC
106,CC215,DON CHAPIS,EMILIANO ZAPATA #49  C.P. 10010,LA  MALINCHE,MAGDALENA  CONTRERAS
107,CC216,SANTO DOMINGO,2 CERRADA  DE DELFFN MADRIGAL #12  C.P. 04360,COPILCO EL ALTO,COYOACÁN
108,CC217,EL SAPITO,AVENIDA DE LAS FLORES MZ  23   LT 7   C.P. 07410,JUAN GONZALEZ ROMERO,GUSTAVO A. MADERO
109,CC219,NINOS HEROES DE CHAPULTEPEC,AVENIDA NINOS HEROES DE CHAPULTEPEC #159 C.P. 03440,NINOS HEROES,BENITO JUÁREZ
110,CC223,CARMEN SER DAN,RAFAELA L6PEZ AGUADO MZ  42  LT 4   C.P. 04910,CARMEN SERDAN,COYOACÁN
111,CC228,SAN ANDRES AHUAYUCAN,AVENIDA JUAREZ SIN NU MERO ,PUEBLO SAN ANDRES AHUAYUCAN,XOCHIMILCO
112,CC231,MUJERES LIBRES Y SOBERANAS,VILLA C MZ  20 LT 3   C.P. 09700,DESARROLLO URBANO QUETZALCOATL,IZTAPALAPA
113,CC233,BUENAVISTA,MIRADOR  MZ 17 LT 18    C.P. 09700,BUENA VISTA,IZTAPALAPA
114,CC234,JACARANDAS,DANIEL CABRERA  #28  C.P. 11440,REFORMA  PENCIL,MIGUEL HIDALGO
115,CC236,CALZADA GUADALUPE,CALZADA DE GUADALUPE NUMERO 103  LOCAL 1,VALLE GOMEZ,CUAUHTÉMOC
116,CC239,MALINCHE,EDUARDO  MOLINA #4421  C.P.07890,MALINCHE,GUSTAVO A. MADERO
117,CC243,SANTA CATARINA,EJE 10  SUR MZ  23  LT 13  C.P. 11310   (13070),AMPLIACL6N  SANTA CATARINA,TLAHUAC
118,CC244,EL GRAN PARO,JARDINEROS #89  ACCESORIA E  C.P. 15270,MORELOS,VENUSTIANO CARRANZA
119,CC245,LA PALAPA,S ESQUINA PROSPERIDAD 5/N  C.P. 08100,AGRICOLA  PANTITLAN,IZTACALCO
120,CC246,KAREL,GENERAL ANAYA #17  C.P. 10010,SAN BARTOLO AMEYALCO,MAGDALENA  CONTRERAS
121,CC247,PIRITAS,4 MZ  10  LT 33   C.P. 01630,LOMAS DE PUERTA GRANDE,ÁLVARO OBREGÓN
122,CC248,FLORENTINO BRAVO,ALFREDO DE LA ROSA ESQUINA  AVENIDA DE LAS TORRES S/N  C.P. 09700,PARAJES BUENAVISTA,IZTAPALAPA
123,CC250,VISTA HERMOSA,LOMA DEL SOL MZ  58  LT 6   C.P. 07188,VISTA HERMOSA,GUSTAVO A. MADERO
124,CC251,EL PIONERO,NINOS HEROES #16  C.P. 12200,SAN PEDRO ATOCPAN,MILPA ALTA
125,CC252,LA ESPERANZA,NINOS HEROES #28  MZ  71  LT 4  C.P. 08600,BARRIO DE LA ASUNCL6N,IZTACALCO
126,CC253,CAMPO X6CHITL,CAMPO X6CHITL #31  C.P. 14268,MIGUEL HIDALGO,TLALPAN
127,CC254,PALAPA,MIGUEL HIDALGO #298  C.P. 08310,LA CRUZ,IZTACALCO
128,CC256,LAS PALMERAS,TOCHTLI #40  C.P. 04369,PEDREGAL DE SANTO DOMINGO,COYOACÁN
129,CC257,EL BUEN SAZ6N,ANTIGUA  VIA LA VENTA MZ  S  LT 13   C.P. 01280,PRIMERA  VICTORIA,ÁLVARO OBREGÓN
130,CC258,REVOLUC16N,AVENIDA REVOLUCL6N MZ  116  LT 1   C.P. 13370,LA CONCHITA ZAPOTITLAN,TLAHUAC
131,CC259,LA PRADERA,VOLCAN MALINCHE #18 BIS  C.P. 07500,LA PRADERA,GUSTAVO A. MADERO
132,CC260,AJUSCO,TOLTECAS #332  C.P. 04300,AJUSCO,COYOACÁN
133,CC261,UTOPIA SALUDABLE,AVENIDA 613  #170  C.P. 07970,:NS;;     ;:E  CL6N,GUSTAVO A. MADERO
134,CC263,VICTORIA,GENERAL SOSTENES ROCHA #67  C.P. 11830,DANIEL GARZA,MIGUEL HIDALGO
135,CC264,LAS PALMAS,FRANCISCO I. MADERO MZ 56 LT 6  C.P. 07160,LOMA LA PALMA,GUSTAVO A. MADERO
136,CC266,BARRIO NORTE,CERRADA ALLENDE  #20  C.P. 01410,BARRIO NORTE,ÁLVARO OBREGÓN
137,CC267,TLALPAN CENTRO,SAN MARCOS #85  C.P. 14000,TLALPAN CENTRO,TLALPAN
138,CC268,TEPETZINGO,MORELOS #100  C.P. 15520,PENON DE LO BANOS,VENUSTIANO CARRANZA
139,CC269,LAS MARGARITAS,SAN FELIPE #185  C.P. 03330,XOCO,BENITO JUÁREZ
140,CC272,LA MARAVILLOSA,KAUA MZ 197  LT 17   C.P. 14100,PEDREGAL DE SAN NICOLAS 4° SECCION,TLALPAN
141,CC273,LA TURBA,JOSE LUGO GUERRERO MZ  7  LT 30   C.P. 09960,LA PLANTA,IZTAPALAPA
142,CC275,LA ESCONDIDA,CATEDRA MZ  136A LT 4  C.P. 09680,TENORIOS,IZTAPALAPA
143,CC276,LOS ANGELES,PROLONGACION  YUCATAN #25  C.P. 12000,VILLA MILPA ALTA,MILPA ALTA
144,CC277,ANITA,MARTIR ES DE JALAPA #33  C.P. 02630,COLTONGO,AZCAPOTZALCO
145,CC279,TFA LOLA,JOSE SEVERINO  DE LA SOTA MZ  12  LT 5  C.P. 13310,ZAPOTITLA,TlAHUAC
146,CC280,SANTA MARTHA,CHIAPAS #2   C.P. 12000,BARRIO SANTA MARTHA  VILLA MILPA ALTA,MILPA ALTA
147,CC281,LAS MAFALDAS DE IZTAPALAPA,RIO MIRAMONTES MZ 41  LT 6  C.P. 09770,PUENTE BLANCO,IZTAPALAPA
148,CC282,TEPETONGO,AVENIDA CANTERA ESQUINA ISIDRO FAVELA  C.P.14420,CUMBRES DE TEPETONGO,TLALPAN 
149,CC283,VIVEROS,2° CERRADA  DEL MIRADOR #9  C.P. 14479,VIVEROS DEL COATECTLAN 2° SECCION,TLALPAN
150,CC284,MAXIMINO AVILA CAMACHO,NORTE LA   #5038  C.P. 07380,MAXIMINO AVILA CAMACHO,GUSTAVO A. MADERO
151,CC285,SAN ANTONIO CULHUACAN,MORELOS #2  C.P. 09800,SAN ANTONIO CULHUACAN,IZTAPALAPA
152,CC286,SAN FRANCISCO,REFOR MA  #9   C.P. 16900,PUEBLO DE SAN FRANCISCO TLALNEPANTLA,XOCHIMILCO
153,CC287,UNION POPULAR  VALLE GOMEZ,SANTA ROSA #60  C.P. 15210,VALLE GOMEZ,VENUSTIANO CARRANZA
154,CC288,EL BUEN COMER,BILBAO #621  C.P. 09850,SAN JUAN XALPA,IZTAPALAPA
155,CC289,SAN MIGUEL,ANDADOR PARAJE TLACATELCO  #20  C.P. 08650,BARRIO SAN MIGUEL,IZTACALCO
156,CC291,LA CONCEPCION,PLAZUELA DEL PEDREGAL 5/N  C.P. 10840,LA CONCEPCION,MAGDALENA  CONTRERAS
157,CC292,XALTOCAN,LIRIO ACUATICO #8  C.P. 16090,BARRIO XALTOCAN,XOCHIMILCO
158,CC293,CATA,PROLONGACION  ALLENDE #8   C.P. 09410,MAGDALENA  ATLAZOLPA,IZTAPALAPA
159,CC294,ZIHUALTHEQUITE,TOLUCA SUR #62  C.P. 12000,LA CONCEPCION   VILLA MILPA ALTA,MILPA ALTA
160,CC295,PAULINO NAVARRO,RAMON ISAAC ALDANA NUMERO 104 ,PAULINO NAVARRO,CUAUHTÉMOC
161,CC296,ELATORON,SUPER MANZANA 2 EDIFICIO A LOCAL 1   C.P. 09220,UNIDAD HABITACIONAL EJERCITO CONSTITUCIONALISTA,IZTAPALAPA
162,CC297,LA PERLA,CEDRAL NUMERO 49  C.P. 14650,SAN PEDRO MARTIR,TLALPAN
163,CC298,LAS CHIIQUITAS,DR. JOSE TERRES 5/N  C.P. 06720,DOCTORES,CUAUHTÉMOC
164,CC300,MATEO OLLIMEZTLI,VOLCAN SAN ANDRES TUXTLA #115  C.P. 07560,AMPLIACION  PROVIDENCIA,GUSTAVO A. MADERO
165,CC301,PAQUITA,PRIVADA  21 #3  C.P. 08100,AGRICOLA  PANTITLAN,IZTACALCO
166,CC302,ALIMENTARTE,CALLE TONALA NUMERO 125,ROMA NORTE,CUAUHTÉMOC
167,CC303,SAN ANDRES TOMATLAN,ROBERTO FULTON #42  C.P. 09870,SAN ANDRES TOMATLAN,IZTAPALAPA
168,CC304,JOYAS DE TEHUEPANCO,CERRADA  DE LA CRUZ #13  C.P. 16450,JOYAS DE TEHUEPANCO,XOCHIMILCO
169,CC305,LA LUPITA,AGUSTFN DE !TURBIDE #20  C.P. 12100,BARRIO DE XOCHITEPETL  PUEBLO DE SAN ANTONIO TECOMITL,MILPA ALTA
170,CC308,EL SAZON DE TEPEPAN,ABASOLO #126  C.P. 16020,PUEBLO DE SANTA MARIA TEPEPAN,XOCHIMILCO
171,CC310,EL PROFETA  DEL NOPAL,PONIENTE 110  #210  C.P. 07780,DEFENSORES DE LA REPUBLICA,GUSTAVO A. MADERO
172,CC321,LUPITA,SAN FRANCISCO TLALTENCO MZ  3 LT 1   C.P. 09704,UNIDAD HABITACIONAL LA MAGUEYERA,IZTAPALAPA
173,CC323,TIERRA Y LIBERTAD,OTILIO MONTANO MZ 60 LT 11   C.P. 09704,DEGOLLADO,IZTAPALAPA
174,CC324,COMPOSITORES,FOLKLORISTA  MZ  81  LT 7  C.P. 07130,COMPOSITORES MEXICANOS,GUSTAVO A. MADERO
175,CC325,EL RINCON DE LOS SABORES,AVENIDA SAN MIGUEL MZ  18  LT 6   C.P. 07119,MALACATES,GUSTAVO A. MADERO
176,CC327,CAMPAMENTO 2 DE OCTUBRE,MIGUEL GARCIA GARCIA #49  C.P. 08930,CAMPAMENTO  2 DE OCTUBRE,IZTACALCO
177,CC328,DONA PATY,SAN ANTONIO #31  OFICIAL  C.P. 09900,SAN ANTONIO,IZTAPALAPA
178,CC336,XOCHITL,AVENIDA LAS CRUCES 5/N  C.P. 12500,SAN LORENZO TLACOYUCAN,MILPA ALTA
179,CC337,EL  PORTON DE TEPITO,PENON NUMERO 35 ,MORELOS,CUAUHTÉMOC
180,CC338,ALONDRA,LAGO TANA #145  C.P. 11290,SAN DIEGO OCOYOACAC,MIGUEL HIDALGO
181,CC339,JJ,MORELOS #94  C.P. 09000,BARRIO SAN PEDRO,IZTAPALAPA
182,CC340,CANDELARIA,COAHUILA #45  C.P. 05000,CUAJIMALPA  CENTRO,CUAJIMALPA
183,CC341,EL RINCON DEL SAZON,NORTE 9 #113  C.P. 15530,MOCTEZUMA  2'  SECCION,VENUSTIANO CARRANZA
184,CC342,BARRIO UNIDO,FELIPE BERRIOZABAL #48  C.P. 15100,CENTRO,VENUSTIANO CARRANZA
185,CC343,COMEDOR EL GUARDA PARR ES,AVENIDA FERROCARRIL MZ 2 LT 5  C.P. 14900,PUEBLO PARRES EL GUARDA,TLALPAN
186,CC344,EL SAZ6N DE MAMA QUETA,CARRIZAL #8  C.P. 09400,EL SIFON,IZTAPALAPA
187,CC345,IXTCALLY,FELIPE ANGELES MZ 17 LT 43  C.P. 09620,LOMAS DE ZARAGOZA,IZTAPALAPA
188,CC346,EL ENCANTO,PROLONGACION  BUENA VISTA MZ 430 #44  C.P. 12000,BARRIO DE SAN MATEO,MILPA ALTA
189,CC347,MUJERES EN LUCHA,ANDADOR 18 DE MARZO MZS0 LT 9  C.P. 09630,SAN MIGUEL TEOTONGO,IZTAPALAPA
190,CC348,FRIDA KAHLO,ANILLO DE CIRCUNVALACION  MZ 8 LT 939,EJIDOS DE SANTA MARIA AZTAHUACAN,IZTAPALAPA
191,CC349,CUPIDO,MORELOS #62  C.P. 09840,LOS REVES CULHUACAN,IZTAPALAPA
192,CC350,EL REGALITO,INDEPENDENCIA  #6  C.P. 12700,SAN FRANCISCO TECOXPA,MILPA ALTA
193,CC351,DONA VICKY,LAGO AMMER #25  C.P. 11430,PENSIL NORTE,MIGUEL HIDALGO
194,CC354,LA VIKINGA,15 #94  C.P. 15000,IGNACIO ZARAGOZA,VENUSTIANO CARRANZA
195,CC355,LAS FLORES,5 MZ 6 LT 152  C.P. 09640,XALPA,IZTAPALAPA
196,CC356,EL SAZ6N DE RENATA,CERRADA DE OCOTE #54  C.P. 05200,SAN JOSE DE LOS CEDROS,CUAJIMALPA
197,CC357,MEMETLA,MIGUEL ROMERO MZ 2 LT 7. C.P. 05330,MEMETLA,CUAJIMALPA
198,CC358,EL SAZ6N DE MAMA ELSA,COCOXOCHITL #2  C.P. 16430,XOCHIPILLI,XOCHIMILCO
199,CC359,OLIVAR,PABELL6N TRICOLOR  #441  C.P. 16790,OLIVAR DE SANTA MARFA,XOCHIMILCO
200,CC360,RAVITO DE SOL,SEGUNDO CALLEJON DE GENERAL ANAYA #5 INTERIOR 2  C.P. 09000,BARRIO DE SANTA BARBARA,IZTAPALAPA
201,CC361,LA VER6NICA,2 DE NOVIEMBRE  MZ 33 LT 47  C.P. 07140,VERONICA CASTRO,GUSTAVO A. MADERO
202,CC362,EL MEJOR SABOR DE LERMA,RIO LERMA #5  C.P. 10369,AMPLIACION  LOMAS DE SAN BERNABE,MAGDALENA  CONTRERAS
203,CC363,LA MALINTZIN,MARIPOSAS #18  C.P. 10010,LA MALINCHE,MAGDALENA  CONTRERAS
204,CC364,AHUACATITLA,VISTA HERMOSA #24  C.P. 14500,AHUACATITLA  SAN MIGUEL TOPILEJO,TLALPAN
205,CC365,AMISTAD,AMISTAD #49  C.P. 16610,BARRIO LA GUADALUPITA  SAN LUIS TLAXIALTEMALCO,XOCHIMILCO
206,CC366,COMELODROMO,CALLEJ6N CUACONTLE #2  C.P. 16600,SAN SEBASTIAN  SAN GREGORIO ATLAPULCO,XOCHIMILCO
207,CC367,LOS PRIMOS,SAN MIGUEL #32  C.P. 05730,XALPA,CUAJIMALPA
208,CC368,LA CAMELIA,FLOR DE CAMELIA MZ 21 LT 5  C.P. 09780,LOMAS DE SAN LORENZO TEZONCO,IZTAPALAPA
209,CC370,EL SAZ6N DE MAGALY,DURAZNO MZ 135 LT 15   C.P. 10640,LA CARBONERA,MAGDALENA  CONTRERAS
210,CC371,EL SAZ6N DE CERRILLOS,NACION ES UNIDAS #107  C.P. 16780,3 SECCL6N CERILLOS,XOCHIMILCO
211,CC372,FRESNOS,FRESNOS #3  C.P. 09870,SAN ANDRES TOMATLAN,IZTAPALAPA
212,CC373,LAS FLORES,AVENIDA DE LAS FLORES MZ 9 LT 1  C.P. 10660,EL ERMITANO,MAGDALENA  CONTRERAS
213,CC374,VILLA DE CORTES,FRANCISCO FERNANDEZ DEL CASTILLO #2811 LOCAL C  C.P. 03500,NATIVITAS,BENITO JUÁREZ
214,CC375,EL MIRADOR DE SAN JOSE,SAN JOSE #34  C.P. 16780,CERRILLOS 2'  SECCION PUEBLO SANTIAGO TULYEHUALCO,XOCHIMILCO
215,CC376,MIACATLAN,INDUSTRIA #2  C.P. 12600,SAN JERONIMO MIACATLAN,MILPA ALTA
216,CC377,TEPITO,FRAY BARTOLOME DE LAS CASAS NUMERO 26 INTERIOR 17 ,MORELOS,CUAUHTÉMOC
217,CC378,LAS DELICIAS,BERLIOZ #168  C.P. 06250,EX HIPODROMO  DE PERALVILLO,CUAUHTÉMOC
218,CC379,LA DIVINA PROVIDENCIA,SOL #88-A  C.P. 06300,GUERRERO,CUAUHTÉMOC
219,CC380,MALINTZIN,NINO PERDIDO #2  C.P. 12600,SAN JER6NIMO MIACATLAN,MILPA ALTA
220,CC381,CULHUACAN,VICENTE GUERRERO #5  C.P. 09800,SAN SIM6N CULHUACAN,IZTAPALAPA
221,CC382,MAGY,DR JOSE MA.  VERTIZ #397 INT. B  C.P. 06720,OBRERA,CUAUHTÉMOC
222,CC383,OBRERA,SAN ANTONIO ABAD NUMERO 151 ,OBRERA,CUAUHTÉMOC
223,CC385,RECREO,AVENIDA DEL RECREO #7  C.P. 08620,BARRIO LOS REVES,IZTACALCO
224,CC386,LAS ADELITAS,CERRADA LAS FLORES ESQUINA AVENIDA SAN MIGUEL  C.P. 09700,BUENA VISTA,IZTAPALAPA
225,CC387,GANESHA,VILLA GUILLERMINA  MZ 47B LT 2  C.P. 09700,DESARROLLO URBANO QUETZALCOATL,IZTAPALAPA
226,CC388,LAHOJA,JOSE MARIA MORELOS MZ 98 LT 4  C.P. 09630,SAN MIGUEL TEOTONGO,IZTAPALAPA
227,CC389,AXEL,TOMAS CARRASQUILLA  #LA  C.P. 13310,SAN MIGUEL ZAPOTITLA,TlAHUAC
228,CC390,390,DIABLOTITLA  MZ 32 LT 10    C.P. 1312 0,SANTA CATARINA,TlAHUAC
229,CC391,ALONDRA,CAMINO REAL A SAN JUAN S/N  C.P. 13700,EL LLANO  SAN NICOLAS TETELCO,TlAHUAC
230,CC392,2 DE OCTUBRE,35  MZ  35  LT 13   C.P. 14739,2 DE OCTUBRE,TLALPAN
231,CC393,SERAFIN,ANDADOR ACHIUTLA MZ  2 LT12   C.P. 14039,AMPLIACION  ISIDRO FABELA,TLALPAN
232,CC394,NUESTRO PAN,JOSE MARIA AGREDA  Y SANCHEZ NUMERO 254 LOCAL A ,TRANSITO,CUAUHTÉMOC
233,CC395,EL QUINTO SOL,ESTEARINA  #56  C.P. 02780,PLENITUD,AZCAPOTZALCO
234,CC396,SANTA JULIA,CACAMATZIN #78  C.P. 11370,ANAHUAC,MIGUEL HIDALGO
235,CC397,LAS ROSAS TEMPILULI,CERRADA  DE LAS ROSAS MZ  2 LT 13   C.P. 13360,TEMPILULI,TLAHUAC
236,CC398,ML  HOGAR,VALDIVIA #5 BIS  C.P. 14700,SAN MIGUEL AJUSCO,TLALPAN
237,CC399,SANTA TERESA,CAMINO ANTIGUO A TOPILEJO MZ  7 LTLL  C.P. 14500,PEDREGAL DE AMINCO SAN MIGUEL TPILEJO,TLALPAN
238,CC400,LA FLOR DE JAMAICA,COM PAS #81  C.P. 15840,SEVILLA,VENUSTIANO CARRANZA
239,CC401,LAS HADAS,CANARIO #109  C.P. 01140,BELLA VISTA,ÁLVARO OBREGÓN
240,CC402,ELOHIM,TLACOTAL C #2427  C.P. 08720,RAMOS MILLAN,IZTACALCO
241,CC403,LAS PALOMAS,GENOVEVO  RIVAS  MZ  2 LT 55   C.P. 07510,SAN FELIPE DE JESUS,GUSTAVO A. MADERO
242,CC405,FERNEY,TLALTENAMIC #2  C.P. 12400,PUEBLO SAN PABLO OZTOTEPEC,MILPA ALTA
243,CC406,ALLY,AVENIDA GUADALUPE POSADAS MZ  2 LT 79   C.P. 13100,NU EVA AMPLIACION SANTA CATARINA,TLAHUAC
244,CC407,TONALLI,JUAN MENDOZA MZ 94 LT 687  C.P. 13020,SANJOSE,TLAHUAC
245,CC408,ELI Y DANI,SACALUM MZ  77  LT 16   C.P. 14740,LOMAS ALTAS DE PADIERNA,TLALPAN
246,CC409,SANTA CRUZ,5  DE MAYO #154  C.P. 03310,SANTA CRUZ ATOYAC,BENITO JUÁREZ
247,CC410,JUQUILITA,VICENTE MENDIOLA  MZ  38 LT 15   C.P. 14250,AMPLIACION MIGUEL HIDALGO 3  SECCION,TLALPAN
248,CC411,PUEBLO QUIETO,TIRIHUICO MZ  4 LT 1   C.P. 01780,TIZAMPAMPANO,ÁLVARO OBREGÓN
249,CC412,TAMBORCITO,CUAUHTEMOC #16  C.P. 05000,CUAJIMALPA,CUAJIMALPA
250,CC413,ML  ANGEL,ORIENTE 229  #118  C.P. 08500,AGRICOLA ORIENTAL,IZTACALCO
251,CC414,LAS LUPITAS,SUR 12  #525  C.P. 08500,AGRICOLA ORIENTAL,IZTACALCO
252,CC415,ALI'S,FRESNO NU MERO 298-C ,SANTA MARIA LA RIBERA,CUAUHTÉMOC
253,CC416,CIAM,LEANDRO VALLE  #35  C.P. 05410,SAN LORENZO ACOPILCO,CUAJIMALPA
254,CC417,PARA SERVIRLE  A USTED,4'   CERRADA  DE VIOLETA #17  C.P. 12300,SAN SALVADOR CUAUHTENCO,MILPA ALTA
255,CC418,VALERIA,SAN VICENTE #25  C.P. 14700,AMPLIACION  LA VENTA,TLALPAN
256,CC419,PERIKIN,5 DE FEBRERO #8   C.P. 14900,PUEBLO DE PARRES EL GUARDA,TLALPAN
257,CC420,DOIIIAPATY,ANDADOR XOCHIQUETZAL MZ  74  LT 1   C.P. 09700,DESARROLLO URBANO QUETZALCOATL,IZTAPALAPA
258,CC421,XIME,CALZADA DE LA NARANJA #1045  C.P. 02719,AMPLIACION SAN PEDRO XALPA II,AZCAPOTZALCO
259,CC422,LAS VECINAS,MARIANO MATAMOROS #144  C.P. 10900,SAN NICOLAS TOTOLAPAN,MAGDALENA  CONTRERAS
260,CC423,JUQUILA,CAYETANO ANDRADE MZ  53  LT 27   C.P. 09530,SANTA MARTHA ACATITLA SUR,IZTAPALAPA
261,CC424,TERESITA DE JESUS,COACOTA MZ  R LT 1   C.P. 01220,ZENON DELGADO,ÁLVARO OBREGÓN
262,CC425,LA MEDIA LUNA,ANDADOR ESTRAGON MZ  3 LOTE 5  C.P. 01230,TLAPECHICO,ÁLVARO OBREGÓN
263,CC426,LA ESPERANZA,REY YUPANQUI #37  C.P. 14430,CHIMALCOYOC,TLALPAN
264,CC427,CHAPIS,VICENTE GARC[A TORRES #211-A  C.P. 04330,EL ROSEDAL,COYOACÁN
265,CC428,TRES HERMANAS,5 DE MAYO  #12  C.P. 14480,PUEBLO LA MAGDALENA PETLACALCO,TLALPAN
266,CC429,EL SUENO DE OTROS,BATALLON LIGERO DE TOLUCA #124  C.P. 09230,UNIDAD HABITACIONAL EJERCITO DE ORIENTE INDECO II ZONA ISSSTE,IZTAPALAPA
267,CC430,ADELITAS,SUR 16  B #42  C.P. 08500,AGRICOLA ORIENTAL,IZTACALCO
268,CC431,LUPITA Y MARGARITA,FLORENTINO CASTRO MZ  2 LT 22   C.P. 13060,AMPLIACION  LA MESA SANTA CATARINA,TLAHUAC
269,CC432,RUTH,CHIMALPOPOCA  MZ  17  LT 4  C.P. 15660,ARENAL 3 SECCION,VENUSTIANO CARRANZA
270,CC433,EL NEGRITO,PUERTO MAZATLAN #240  C.P. 01290,PILOTO ADOLFO LOPEZ MATEOS,ÁLVARO OBREGÓN
271,CC434,IAN,PROLONGACION  MOCTEZUMA# 53  C.P. 04310,ROMERO DE TERRERO,COYOACÁN
272,CC435,A SU SERVICIO,GALEANA #66  C.P. 12400,BARRIO CHALMITA  SAN PABLO OZTOTEPEC,MILPA ALTA
273,CC436,LA HUERTA,JAZMIN  MZ 7 LT 1   C.P. 01230,LA HUERTA,ÁLVARO OBREGÓN
274,CC437,DE PASADITA,CAMINO VIEJO A SAN GREGORIO #14  C.P. 12250,SAN BARTOLOME XICOMULCO,MILPA ALTA
275,CC438,LA LUPITA,VICENTE GUERRERO SUR #28  C.P. 12600,SAN JERONIMO MIACATLAN,MILPA ALTA
276,CC439,LA CASA DE LA ABUELITA,EMPERADORES AZTECAS #13. C.P. 09410,MAGDALENA  ATLAZOLPA,IZTAPALAPA
277,CC440,PRO-HOGAR,25 #90  C.P. 02650,PRO-HOGAR,AZCAPOTZALCO
278,CC441,REYNOSA,CAMPO NUEVO LIMON #101  C.P. 02200,REYNOSA TAMAULIPAS,AZCAPOTZALCO
279,CC442,LOS CUATES DE DON VIC,ADRIAN CASTREJ6N #19  C.P. 02719,SAN PEDRO XALPA,AZCAPOTZALCO
280,CC443,JENNY,SEPTIMA CERRADA  DE SAN MIGUEL MZ 21-C LT 9 C.P. 07110,LOMAS DE CUAUTEPEC,GUSTAVO A. MADERO
281,CC444,PEQUES,ROSAS DE ORIENTE MZ  6 LT 12  ORIENTE  C.P. 07430,DELOBRERO,GUSTAVO A. MADERO
282,CC445,JOSE DE JESUS,SAN PABLO  MZ  3 LT 23   C.P. 09750,LA POLVORILLA,IZTAPALAPA
283,CC446,DEPORTIVO NICOLAS BRAVO,ARTES 5/N  C.P. 07060,ESTANZUELA,GUSTAVO A. MADERO
284,CC447,EL SAZ6N DE MAMA,LAGO TAULEBE #68-C  C.P.  11410,LEGARIA,MIGUEL HIDALGO
285,CC448,EL RINC6N DE LOS SABORES,LAZARO CARDENAS MZ  3 LT 4   C.P. 07110,LOMAS DE CUAUTEPEC,GUSTAVO A. MADERO
286,CC449,MAMA JULIA,TINUM #84  C.P. 14100,SAN NICOLAS,TLALPAN
287,CC450,CERVANTES,GRANJAS  #10  C.P. 14500,XAXALIPAC  SAN MIGUEL TOPILEJO,TLALPAN
288,CC452,CENTRO DE INFLUENCIA,FERROCARRIL DE CINTURA #28  C.P. 15290,MORELOS,VENUSTIANO CARRANZA
289,CC453,MUJERES SOLIDARIAS,IGNACIO RAMFREZ MZ  30  LT 134  C.P. 07089,AMPLIACL6N GABRIEL HERNANDEZ,GUSTAVO A. MADERO
290,CC454,NUEVO AMANECER,IGNACIO ALLENDE  #37  C.P. 02700,SAN MIGUEL AMANTLA,AZCAPOTZALCO
291,CC455,DIANA DANDO BIENESTAR,ALTUNA #7  C.P. 06020,CENTRO,CUAUHTÉMOC
292,CC457,FENIX,ANGEL TRIAS 5/N  C.P. 09100,JUAN ESCUTIA,IZTAPALAPA
293,CC458,LOS GIRASOLES,PUENTE ROSARIO MZ  6 LT 1   C.P. 08030,GABRIEL RAMOS MILLAN SECCL6N CUCHILLA,IZTACALCO
294,CC459,SARCA,GENERAL LUCIO BLANCO #27  C.P. 15460,REVOLUCL6N,VENUSTIANO CARRANZA
295,CC460,TU CASA FAMILIAR KITY,SUR 81  #387  C.P. 15820,LORENZO BOTURINI,VENUSTIANO CARRANZA
296,CC461,LUGAR LOS ENCINOS,IGNACIO ALLENDE  #4   C.P. 16810,SAN ANDRES AHUAYUCAN,XOCHIMILCO
297,CC462,PARAJE NOPALTITLA,HUAZONTLE 5/N  C.P. 14700,PARAJE NOPALTITLA SAN MIGUEL AJUSCO,TLALPAN
298,CC463,PEDREGAL 1,TLAMAHUACALA  NUMERO 2,PEDREGAL DE SAN NICOLAS,TLALPAN
299,CC464,FLORES,PANAMERICANO  #3  C.P. 16500,SANTA CRUZ ACALPIXCA,XOCHIMILCO
300,CC465,LAS CABANAS,JUAN ESCUTIA  #20  C.P. 16600,PUEBLO SAN GREGORIO ATLAPULCO,XOCHIMILCO
301,CC466,PITA AMOR,CHAPULTEPEC #1   C.P. 13319,LA ESTACL6N,TLAHUAC
302,CC468,LATA,ORIENTE 120  5/N  C.P. 08020,AMPLIACL6N  GABRIEL RAMOS MILLAN,IZTACALCO
303,CC470,LOS CLAVELES,CERRADA  LA LUPITA #1  C.P. 12100,PUEBLO SAN ANTONIO TECOMITL,MILPA ALTA
304,CC471,CASA ANITA,CALLEJ6N BELISARIO DOMINGUEZ #20 MZ 6 LT 183 C.P. 09000,BARRIO SAN PABLO,IZTAPALAPA
305,CC473,TARANGO,TARANGO 5/N  C.P. 01750,AMPLIACL6N  LAS AGUILAS 3° PARQUE,ÁLVARO OBREGÓN
306,CC474,LA CUMBIA DEL MOLE,CALLEJ6N DEL PATO MZ  9 LT 19   C.P. 09000,BARRIO SAN JOSE,IZTAPALAPA
307,CC475,MAMA LAURA,TIZOC #193  C.P. 08220,SAN PEDRO IZTACALCO,IZTACALCO
308,CC476,VALDIVIA,CALLEJ6N FRANCISCO VILLA #1   C.P. 12900,SANTA ANA TLACOTENCO,MILPA ALTA
309,CC477,LULU,AVENIDA RFO CHURUBUSCO ENTRE 2°  Y 3°  CERRADA DE RFO CHURUBUSCO  5/N  C.P. 08100,AGRICOLA  PANTITLAN,IZTACALCO
310,CC478,EL SECRETO,ANDALUCIA  #261  C.P. 03400,ALAMOS,BENITO JUÁREZ
311,CC479,ROSARIO IBARRA DE PIEDRA,CLPRES #19  C.P. 01620,PROFESOR  JOSE ARTURO L6PEZ,ÁLVARO OBREGÓN
312,CC480,SOLEDAD,CUADRANTE DE LA SOLEDAD #8   C.P. 15100,CENTRO,VENUSTIANO CARRANZA
313,CC481,DANY,TLAXCALA #81  C.P.12000,SANTA MARTHA,MILPA ALTA
314,CC482,LAS FLORES,ALTA TENSL6N MZ 77 LT9  C.P. 13219,LAS ARBOLEDAS,TLAHUAC
315,CC483,MOLINO DE ROSAS,LAGO SAN JOSE #68  C.P. 11529,AMPLIACL6N GRANADA,MIGUEL HIDALGO
316,CC484,LA VICTORIA ES NUESTRA,JUSTINA  #128  C.P. 09130,PUEBLO DE SAN LORENZO XICOTENCA TL,IZTAPALAPA
317,CC485,MANA DEL CIELO,ANDADOR SOL#2  C.P. 01279,LOMAS DE BECERRA,ÁLVARO OBREGÓN
318,CC486,CALLE 15,CALLE 15  #31  C.P. 01400,OLIVAR DEL CONDE LA SECCL6N,ÁLVARO OBREGÓN
319,CC487,YOYIS_OLIVAR,CALLE 30  #92  C.P. 01408,OLIVAR DEL CONDE 2A SECCL6N,ÁLVARO OBREGÓN
320,CC488,GUENDALIZA  A,PROLONGACL6N RFO CHURUBUSCO  #318  C.P. 15610,CUCHILLA PANTITLAN,VENUSTIANO CARRANZA
321,CC489,SARITA,ORIENTE 249  B # 128  C.P. 08500,AGRICOLA ORIENTAL,IZTACALCO
322,CC490,LAS ABEJITAS,AVENIDA CHICAGO 5/N  C.P. 01289,REACOMODO  EL CUERNITO,ÁLVARO OBREGÓN
323,CC491,CARMEN,HALC6N MZ 18 LT 4   C.P. 51003,LUIS DONALDO COLOSIO,GUSTAVO A. MADERO
324,CC492,JEHOVA JIREH,CERRADA  DE JUAREZ NU MERO 2 ,EL MIRADOR 1 SAN LUCAS XOCHIMANCA,XOCHIMILCO
325,CC493,COMEDOR CDMX,CANAL RIO CHURUBUSCO S/N ESQ. CALLE FRUTAS Y LEGUMBRES,CENTRAL DE ABASTOS,IZTAPALAPA
326,CC494,COCOLI,SAN JERONIMO #2625  C.P. 10300,SAN BERNABE OCOTEPEC,MAGDALENA  CONTRERAS
327,CC495,GRAN CANAL,GRAN CANAL DE DESAGUE #506  C.P. 15300,20 DE NOVIEMBRE,VENUSTIANO CARRANZA
328,CC496,TERE,FRESNOS #34  C.P. 02120,SAN MARTIN XOCHINAHUAC,AZCAPOTZALCO
329,CC497,LAS BETYS,DALIA #9 C.P. 10610,EL TORO,MAGDALENA  CONTRERAS
330,CC498,MAKAJOMI,ZACATLJ\N ESQUINA ZEMPASUCHIL  C.P. 09790,SAN LORENZO TEZONCO,IZTAPALAPA
331,CC499,EL SAZON DE LA ABUELA,CORCEGA #337  C.P. 02670,COSMOPOLITA,AZCAPOTZALCO
332,CC500,LOS MANJARES DE IRAFS,PRADERA #13  C.P. 10620,EL POTRERILLO,MAGDALENA  CONTRERAS
333,CC501,LAS CAZUELAS DE DONA PAZ,ALLENDE #20  C.P. 05600,SAN MATEO TLALTENANGO,CUAJIMALPA
334,CC502,LA PILA,LRA  CERRADA DE PROLONGACION  CIRCUITO ESCOLAR #4  C.P. 05750,LA PILA,CUAJIMALPA
335,CC503,EL CLAUSTRO,SAN JERONIMO 77 INT A  C.P. 06090,CENTRO,CUAUHTÉMOC
336,CC504,DEL BARRIO,CAMELIA #69  C.P. 06300,GUERRERO,CUAUHTÉMOC
337,CC505,LULU,AV. CENTENARIO 2006 MZ 3 LT 28  C.P. 01540,VILLA PROGRESISTA,ÁLVARO OBREGÓN
338,CC506,LAS ORQU[DEAS,CALZADA DE LA VIGA #629  C.P. 08610,BARRIO SAN FRANCISCO XICALTONGO,IZTACALCO
339,CC507,SAN ISIDRO,AV. SAN ISIDRO #4  C.P. 16880,VILLAS SAN ISIDRO,XOCHIMILCO
340,CC508,LA GUERA,ESPERANZA  LOPEZ MATEOS   LT. 116 MZ. 10,LIBERACION PROLETARIA,ÁLVARO OBREGÓN
341,CC509,MARIPOSAS,ANDADOR A PALOMA ROQUIZA  MZA 3 LTE 8,VISTA HERMOSA,MAGDALENA  CONTRERAS
342,CC510,EL LUGAR,AV. OJO DE AGUA 23,LOMAS DE SAN BERNABE,MAGDALENA  CONTRERAS
343,CC511,MIGUEL HIDALGO,GIOCONDA MZ82 LT15,MIGUEL HIDALGO,TLAHUAC
344,CC512,LA LOMA,3A CERRADA DE LA LOMA 25,LA LOMA,TLAHUAC
345,CC513,EL TLECUIL DE DONA MARY,5 DE MAYO 7,PUEBLO DE SAN MIGUEL TOPILEJO,TLALPAN
346,CC514,ALEGRIA,BOLIVARES 288,PENSADOR MEXICANO,VENUSTIANO CARRANZA
347,CC515,,NICOL.AS BRAVO  1,SAN MATEO XALPA,XOCHIMILCO
348,CC516,SIHUATL,PRIMER CALLEJON DE CHAPULTEPEC 2,PUEBLO DE SAN ANDRES AHUAYUCAN,XOCHIMILCO
349,CC517,,PEDREGAL  24,SANTA CRUZ CHAVARRIETA,XOCHIMILCO
350,CC518,,PRIMERA CDA DE LA CRUZ  MZ 2 LT 467,XICALHUACAN,XOCHIMILCO
351,CC519,SANTA CECILIA,LUCERNA   145,SANTA CECILIA TEPETLAPA,XOCHIMILCO
352,CC520,EL SAZON,RAFAEL SIERRA   97,PARAJE SAN JUAN,IZTAPALAPA
353,CC521,AKBAL,QUETZALCOATL  MZ 5 LTE 8,UNIDAD POPULAR TEPEACA,ÁLVARO OBREGÓN
354,CC522,AMEYALI,LA ERA  NUMERO.18,PUEBLO SAN BARTOLO AMEYALCO,ÁLVARO OBREGÓN
355,CC523,SEMILLITA DE MOSTAZA,NORTE 84 A  N.6019,GERTRUDIS SANCHEZ,GUSTAVO A. MADERO
356,CC524,,IGNACIO ALLENDE N. 266,ARGETINA ANTIGUA,MIGUEL HIDALGO
357,CC525,SAN JOSE,ESTRELLITA  MZ 181 LT 1500,SANJOSE,TLAHUAC
358,CC526,SANTA CECILIA,CAMINO REAL A SANTA CECILIA N. 10,SAN ANDRES TOTOLTEPEC,TLALPAN
359,CC527,APAPACHANDO CORAZONES,LERA CERRADA DE JUAREZ N.7,PUEBLO DE SAN ANDRES TOTOLTEPEC,TLALPAN
360,CC528,,OLMOS 54-A,AMPLIACION SAN MARCOS,XOCHIMILCO
361,CC529,EL ROSARIO,SALVADOR DIAZ 9,EL ROSARIO,TLAHUAC
362,CC530,LA NOPALERA,LIBERTAD MZ. 1 LT. 2,LA NOPALERA,TLAHUAC
363,CC531,A FUEGO LENTO,FERROCARRIL CENTRAL  438,VICTORIA DE LAS DEMOCRACIAS,AZCAPOTZALCO
364,CC532,LA OLLA FELIZ,HERRADURA MZ. 36 LT. 24,MIGUEL DE LA MADRID,IZTAPALAPA
365,CC533,COMEDOR LOMAS,2A CERRADA DE OCOTOCHTLI 4,PARAJE LOMAS TEPEMECATL,TLALPAN
366,CC534,COLECTIVO MUSAS,CALVARIO  6,SAN ANDRES TOTOLTEPEC,TLALPAN
367,CC535,LA GLORIA DEL SAZON,CERRADA 13 DE ADOLFO PRIETO  11,DEL VALLE,BENITO JUÁREZ
368,CC536,SAN JUDAS,EDGARDO ALMIGA  MZ. 4 LT. 7,6 DE JULIO,GUSTAVO A. MADERO
369,CC537,LAS DELICIAS DE GINA,CAMINO DE EN MEDIO NL/MERO 31,CAMPESTRE ARAGON,GUSTAVO A. MADERO
370,CC538,OLGUIN,JALISCO MZ. 37 LT. 475,CHALMA DE GUADALUPE,GUSTAVO A. MADERO
371,CC539,LAS CAZUELAS DE LA OBRERA,RAFAEL DELGADO 36,OBRERA,CUAUHTÉMOC
372,CC540,OYAMELLO,CARRETERA FEDERAL A CUERNA VACA KILOMETRO 31.700 N. 1,PARAJE OYAMELLO,TLALPAN
373,CC541,ISKAO,LAS ROSAS MZ 34 LT 12,PUEBLO PARRES EL GUARDA,TLALPAN
374,CC542,CATI,EMILIO BERLINER   MZ 21 LT 11,FUEGO NUEVO,IZTAPALAPA
375,CC543,LAS AMIGAS,VILLA BERTHET  MZ 43 LT2,DESARROLLO URBANO QUETZALC6ATL,IZTAPALAPA
376,CC544,YOLO,PRIVADA GUADALAJARA  124,MIGUEL HIDALGO,MILPA ALTA
377,CC545,PEZ GURAMI,PEZ GURAMI  MZ 3 LT 43,DEL MAR,TLAHUAC
378,CC546,19 DE MAYO,OTONO  S/N,19 DE MAYO,ÁLVARO OBREGÓN
379,CC547,CUVIDI,SAN BERNABE 63,LAS MAROMAS,CUAJIMALPA
380,CC548,ELOCUA,1. CERRADA DE CLAVEL SUR LOTE 1,SAN PERO MARTRR,TLALPAN
381,CC549,LA CASA DE LOS ABUELOS,CEDROS SUR   73,SAN JUAN TEPENAHUAC,MILPA ALTA
382,CC550,,VICENTE GUERRERO  3,SANTA BARBARA,AZCAPOTZALCO
383,CC551,,NOGAL  3,TLAXOPAN,XOCHIMILCO
384,CC552,SALVADOR ALLENDE,HACIENDA Y CREDITO PUBLICO  7,FEDERAL,VENUSTIANO CARRANZA
385,CC553,,GENERAL ANAYA N. 45,PUEBLO DE SAN PEDRO ATOCPAN,MILPA ALTA
386,CC554,LA GUADALUPANA,PRIVADA TLATENCO N. 188,SANTA CATARINA,AZCAPOTZALCO
387,CC555,,AMANECER  13,VALLE DE LUCES,IZTAPALAPA
388,CC556,,CALLE 3RA CERRADA DE HIDALGO 11,COLONIA SAN MIGUEL AJUSCO,TLALPAN
389,CC557,,CALLE AARON PROAL. MZ 3 LT 7,COLONIA PREDIO EL MOLINO UNIDAD ALLEPETLALI,IZTAPALAPA
390,CC558,EL SAZ6N DE LILI,CALLE FERROCARRILES NACIONALES NUMERO 15,COLONI: NUEVO ROSARIO,AZCAPOTZALCO
391,CC559,,CALLE AVENIDA VALLE DE MEXICO# 461 (IEMS IZTAPALAPA),COLONIA MIRAVALLE,IZTAPALAPA
392,CC560,LA JOYA,CALLE LA JOYA MZ7S LT 72,COLONIA LA JOYA,IZTAPALAPA
393,CC561,COCINA FELIZ,CALLE CALZADA DEL HUESO NUMERO 738,SANTA CECILIA,COYOACÁN
394,CC562,MOSAICO DOWN,CALLE CITILCUM NUMERO 56,COLONIA LOMAS DE PADIERNA,TLALPAN
395,CC563,CASTILLO BLANCO,CALLE FUERTE REYES MAGOS MZ 161 LT 19,COLONIA CASTILLO GRANDE,GUSTAVO A. MADERO
396,CC564,,CERRADA DE MANZANO  S/N MZ 1 LT 23,TIERRA BLANCA,TLAHUAC
397,CC565,,CALLE ANTONIO BEJAR  NUMERO 7,OJO DE AGUA TLALTENCO,TLAHUAC
398,CC566,HERMOSA PROVINCIA,ANDADOR 29 DE OCTUBRE S/N,LOMAS DE LA ERA,ÁLVARO OBREGÓN
399,CC567,,DE LAS TORRES 132,REFORMA POLITICA,IZTAPALAPA
400,CC568,,CALZADA DE TLALPAN 3463,VIEJO EJIDO SE SANTA URSULA,COYOACÁN
401,CC569,OLIVOS,TE6FILO NORE 28-A,LA CONCHITA,TLAHUAC
402,CC570,EMILIA,AV. 497 NUMERO 95,7• SEC DE SAN JUAN DE ARAG6N,GUSTAVO A. MADERO
403,CC571,AZAFRAN,AZAFRAN  575,GRANJAS MEXICO,IZTACALCO
404,CC572,LAS DELICIAS DE SAN ANDRES,EMILIO CARRANZA  121,SAN ANDRES TETEPILCO,IZTAPALAPA
405,CC573,,AHUEHUETES MZ. 13 LT 142,AHUEHUETES,GUSTAVO A. MADERO
406,CC574,,OLIVO NUMERO 571,ARENAL,AZCAPOTZALCO
407,CC575,,NORTE 168 NUMERO 497,PENSADOR MEXICANO,VENUSTIANO CARRANZA
408,CC576,SABIDURRA Y FELICIDAD,SUPER MANZANA MZ 37 EDIF 1 DEPTO D,UH EJERCITO CONSTITUCIONALISTA,IZTAPALAPA
409,CC577,,CALLE HIGUERAS  NUMERO 13,SAN GREGORIO ATLAPULCO,XOCHIMILCO
410,CC578,,CAMINO REAL  NUMERO 292,AMPLIACL6N NATIVITAS LA JOYA,XOCHIMILCO
411,CC579,,CARRETERA FEDERAL M{EXICO-TOLUCA 19.8,EL MOLINITO,CUAJIMALPA
412,CC580,TLAKUALI,CANAL DE CHALCO  ESQUINA PLRANA,DEL MAR,TLAHUAC
413,CC581,XICALCO,AVENIDA MEXICO NUMERO 33,SAN MIGUEL XICALCO,TLALPAN
414,CC582,,AV. 5 DE MAYO S/N,SAN BARTOLOME XICOMULCO,MILPA ALTA
415,CC583,,GILBERTO ALVAREZ MANZANA 169 LOTE 20,AMPLIACL6N SANTA MARTHA,IZTAPALAPA
416,CC584,,ESTRELLA SIN NUMERO,CASA BLANCA,IZTAPALAPA
417,CC585,,IZTACCIHUATL  MZ. 20  LT. 5,PEDREGAL DE LAS AGUILAS,TLALPAN
418,CC586,,AHAULAPA SIN NUMERO,EMILIANO ZAPATA,TLAHUAC
419,CC587,,ROSARIO SIN NUMERO,SANTA CATARINA,AZCAPOTZALCO
420,CC588,,5 TA. CERRADA DE PROLONGACL6N !TURBIDE NUMERO,SAN ANTONIO TECOMITL,MILPA ALTA
421,CC589,,AVENIDA SUR DEL COMERCIO  NUMERO 67,BARRIO LA SOLEDAD EN SAN JUAN IXTAYOPAN,TLAHUAC
422,CC590,,PROLONGACION  DE PENA ALTA NUMERO 33PENA ALTA,PENA ALTA,TLAHUAC
423,CC591,,CALLE 32 NUMERO 432,PORVENIR,AZCAPOTZALCO
424,CC592,MAMA MAGUITOS,TICUMUY MANZANA 376 LOTE 12,TORRES DE PADIERNA,TLALPAN
425,CC593,EL SAZON DE ANA,FERROCARRIL DE CUERNVACA NUMERO 27,LA HERRADURA DEL PUEBLO TETELPAN,ÁLVARO OBREGÓN
426,CC594,,CANELA NUMERO 341,GRANJAS MEXICO,IZTACALCO
427,CC595,,CAMELIA NUMERO 264 B,BUENA VISTA,CUAUHTÉMOC
428,CC596,,ADOLGO GURRION  NUMERO 72,MERCED CENTRO,VENUSTIANO CARRANZA
429,CC597,,CARRETERA NUEVO XOCHIMILCO TULYEHUALCO NUMERO 9745,SANTIAGO TULYEHUALCO,XOCHIMILCO
430,CC598,,LA ESCONDIDA NUMERO 69,SANTA ROSA XOCHIAC,ÁLVARO OBREGÓN
431,CC599,,LAGO XIMILPA NUMERO 88,ARGENTINA ANTIGUA,MIGUEL HIDALGO
432,CC600,,AVENIDA JALALPA NORTE NUMERO 120,JALALPA EL GRANDE,ÁLVARO OBREGÓN
433,CC601,,ORIENTE 237 NUMERO 39,AGRICOLA ORIENTAL,IZTACALCO
434,CC602,CHIO,PROLONGACION  AYOCATITLA MANZANA 11 LOTE 5,ASUNCION PUEBLO SAN MIGUEL TOPILEJO,TLALPAN
435,CC603,,CAMPO DEPORTIVO NUMERO 3,PUEBLO SANTA CRUZ XOCHITEPEC,XOCHIMILCO
436,CC604,,AVENIDA RIO GUADALUPE ESQUINA ANDADOR TECALCAPA SIN NUMERO,EL MIRADOR,ÁLVARO OBREGÓN
437,CC605,,AVENIDA FERROCARRIL HIDALGO NUMERO 1229,COSNTITUCION DE LA REPUBLICA,GUSTAVO A. MADERO
438,CC606,,DON PASCUALE MANZANA 15 LOTE 8,AGRICOLA METROPOLITANA,TLAHUAC
439,CC607,EL RINCON DEL COYOTE,IGNACIO MOLINA NLIMERO 14,LA CONCHITA ZAPOTITLAN,TLAHUAC
440,CC608,LA CASA DE LOS  ABUELOS,1505 NUMERO 94,SAN JUAN DE ARAGON SEXTA SECCION,GUSTAVO A. MADERO
441,CC609,ROSI,1547 NUMERO 31,SAN JUAN DE ARAGON SEXTA SECCION,GUSTAVO A. MADERO
442,CC610,,YOBAIN NUMERO 105,BELVEDERO,TLALPAN
443,CC611,,DONATELLO NUMERO 56,INSURGENTES MIXCOAC,BENITO JUÁREZ
444,CC612,,AVENIDA CRUZ BLANCA NUMERO 321,SAN MIGUEL TOPILEJO,TLALPAN
445,CC613,,PROLONGACION  LAZARO CARDENAS  NUMERO 173,SAN MATEO TLALTENANGO,CUAJIMALPA
446,CC614,,FRANCISCO I. MADERO  NUMERO 154,PUEBLO DE SANTA ANA TLACOTENCO,MILPA ALTA
447,CC615,,CHALCHINIHUITL NUMERO 55,SANTA ISABEL TOLA,GUSTAVO A. MADERO
448,CC616,,PRIVADA DE CONTLA NUMERO 16,SANTA CECILIA TEPETLAPA,XOCHIMILCO
449,CC617,,CALLEJON ALLENDE NUMERO 43,BARRIO DE SAN AMTEO,TLAHUAC
450,CC618,,GALEANA NUMERO 276,SANTA FE PUEBLO,ÁLVARO OBREGÓN
451,CC619,,CERRADA VASCO DE QUIROGA NUMERO 2002,SANTA FE KILOMETRO 8.5,ÁLVARO OBREGÓN
452,CC620,,CERRADA DE ZANCANCO EN PARAJE ZACANCO SIN NLIMERO,LA LUZ,MILPA ALTA
453,CC621,,SEGUNDA CERRADA BIENESTAR NUMERO 5,SAN MIGUEL AJUSCO,TLALPAN
454,CC622,,CALLEJON SAN MIGUEL NUMERO 29,COLONIA SAN DIEGO CHURUBUSCO,COYOACÁN
455,CC623,,CERRADA DE CLAVEL NUMERO 311,AMPLIACION NATIVITAS LA JOYA,XOCHIMILCO
456,CC624,,CHONTALENOS MANZANA 8 LOTE 3,FRANCISCO VILLA,ÁLVARO OBREGÓN
457,CC625,,CARRAZCO MZ 13 LT 14,CANTERA PUENTE DE PIEDR1,TLALPAN
458,CC626,,CONSTITUCION DE LA REPUBLICA 91,PROVIDENCIA,GUSTAVO A. MADERO
459,CC627,,MANUELJ TELLO MZ 5 LT 29,ADOLFO LOPEZ MATEOS,VENUSTIANO CARRANZA
460,CC628,,ANDADOR CHAMIXTO MZ 8 LT 3,LOMA DEL PADRE,CUAJIMALPA
461,CC629,,4 CERRADA DE NINOS HEROES S/N,SAN SALVADOR CUAUHTENC,MILPA ALTA
462,CC630,,SAN AGUSTIN ZHOLCO 23,SANTA ANA TLACOTENCO,MILPA ALTA
463,CC631,,FILOMENO GONZALEZ 43,SANTO TOMAS AJUSCO,TLALPAN
464,CC632,,ARBORICULTORES S/N,PALO ALTO,CUAJIMALPA
465,CC633,,CERRADA JAZMIN MZ 7 LT 8,ELZACATON,TLALPAN
466,CC634,,FRANCISCO JAVIER MINA 202,SAN MATEO,TlAHUAC
467,CC635,,SAN RAFAEL ATLIXCO 378,ZAPOTITLA,TlAHUAC
468,CC636,,2 CERRADA DE SANTA CRUZ MZ 76 LT 26,ARBOLEDAS,TlAHUAC
469,CC637,,PUERTO MEXICO 39,ZENTLAPATL,CUAJIMALPA
470,CC638,,1 CERRADA DE CAMINO VIEJO A SAN ANDRES 14,PUEBLO DE SAN MIGUEL ALL,TLALPAN
471,CC639,,CERRADA LAZARO CARDENAS MZ 23 LT 7,ARBOLEDAS DE CUAUHTEPE,GUSTAVO A. MADERO
472,CC640,,PUENTE RAMIREZ 19,PARAJE SAN JUAN,IZTAPALAPA
473,CC641,,AVENIDA CIRCUNVALACION EJE 5 SUR EDIF 4 MZ GD,EJERCITO DE AGUA PRIETA,IZTAPALAPA
474,CC642,,AVENIDA 527 98,SAN JUAN DE ARAGON,GUSTAVO A. MADERO
475,CC643,,PROLONGACION  DE !TURBIDE 120,SAN ANTONIO TECOMITL,MILPA ALTA
476,CC644,,FLORICULTURA  106,20 DE NOVIEMBRE,VENUSTIANO CARRANZA
477,CC645,,EJE 3 ORIENTE ESQUINA AV  ERMITA IZTAPALAPA S/N,PROGRESO DEL SUR,IZTAPALAPA
478,CC646,,CALZADA ERMITA IZTAPALAPA S/N,LOMAS DE ZARAGOZA,IZTAPALAPA
479,CC647,,SIDAR Y ROVIROSA 71,DELPARQUE,VENUSTIANO CARRANZA
480,CC648,,AVENIDA LA CORONA 436,LOMA LA PALMA,GUSTAVO A. MADERO
481,CC649,,PASEO DE LAS NINFAS 42981,OCOTLA,TLALPAN
482,CC670,,CALLE 55  119,SANTA CRUZ MEYEHUALCO,IZTAPALAPA
483,CC671,,AGRUPAMIENTO 6,UNIDAD NARCISO BASSOLS,GUSTAVO A. MADERO
484,CC672,,PUERTO YUCALTEPEN MZ 44 LT 12,PILOTO ADOLFO L6PEZ MATEOS,ÁLVARO OBREGÓN
485,CC673,,AVENIDA  AF;ILL PUERTA 14   CIUDAD DEPORTIVA MAGDALENA  MIXHUCA S/N,GRANJAS MEXICO NORTE,IZTACALCO
486,CC674,,TEZONAPA 32,SANTA MARIA MALINALCO,AZCAPOTZALCO
487,CC675,,CALLEJ6N EUCALIPTO 20,AHUEHUETESANLIHUAC,MIGUEL HIDALGO
488,CPM03,COMEMOVIL PEDIATRICO INFANTIL,CASTILLA ORIENTE ENTRE AV. 22 DE FEBRERO Y AV. AZCAPOTZALCO (EXPALANADA DE LA ALCALDIA),AZCAPOTAZALCO CENTRO,Azcapotzalco
489,CPM12,COMEMOVIL HOSPITAL LA VILLA,AV. SAN JUAN DE ARAGÓN 1285  ESQ ANZAR,GRANJAS MODERNAS,GUSTAVO A. MADERO
490,CPM02,COMEMOVIL LA RAZA,AV. ANTONION VALERIANO CASI ESQ. QUICHES,LA RAZA,Azcapotzalco
491,CPM08,COMEMOVIL HOSPITAL DE LA MUJER,SALVADOR DÍAZ MIRÓN #374,SANTO TOMAS,Miguel Hidalgo
492,CPM07,COMEMOVIL RAMON LOPEZ VELARDE,AV. CUAHUTEMOC S/N,ROMA NORTE,CUAUHTÉMOC
493,CPM11,COMEMOVIL HOSPITAL PEDIATRICO TACUBAYA,ARQ.CARLOS LAZO,TACUBAYA,Miguel Hidalgo
494,CPM06,COMEMOVIL PARQUE DE LOS VENADOS,DR. JOSE MARIA VERTIZ #1 (PARQUE DE LOS VENADOS),PORTALES NORTE,BENITO JUÁREZ
495,CPM05,COMEMOVIL JUAN RAMON DE LA FUENTE,REFORMA AEREONAUTICA #3018,REFORMA POLITICA,IZTAPALAPA
496,CPM04,COMEMOVIL CLINICA 32,CALZ. DEL HUESO #31 (PLANTA DE LAVADO SUR),EX HACIENDA DE COAPA,COYOACÁN
497,CPM09,COMEMOVIL INSTITUTO NACIONAL DE PEDIATRÍA,INSURGENTES SUR 3700 LETRA C,INSURGENTES CUICUILCO,COYOACÁN
498,CPM01,COMEMOVIL ZONA DE HOSPITALES,AV. SAN BUENAVENTURA #2 (A UN COSTADO DE LA PLAZA DEL MEDICO),BARRIO DEL NIÑO JESUS,TLALPAN
499,CPM10,COMEMOVIL HOSPITAL MATERNO PEDIATRICO,AV. 16 DE SEPTIEMBRE S/N,BARRIO XALTOLCAN,XOCHIMILCO
500,CP01,LOMAS DE BECERRA,CENTRO COMUNITARIO EL TRIUNFO DE BECERRA ANTIGUA  VÍA A LA VENTA S/N ENTRE CUERNAVACA E IGUALA  COL. LOMAS DE BECERRA  DEL. ÁLVARO OBREGÓN  C.P. 01279,LOMAS DE BECERRA.,ÁLVARO OBREGÓN
501,CP44,SAN PEDRO XALPA,CALLE CUAUHTÉMOC S/N CASI ESQUINA HIDALGO,PUEBLO SAN MATEO XALPA,XOCHIMILCO
502,CP11,FUNDACIÓN RENACIMIENTO,CALLEJÓN ECUADOR NO. 6 Y 8  ENTRE REPÚBLICA DE ARGENTINA Y REPÚBLICA DE BRASIL  COL. CENTRO  DEL. CUAUHTÉMOC  C.P. 06010 A UN COSTADO DEL METRO LAGUNILLA,CENTRO,CUAUHTÉMOC
503,CP12,VICENTINO,PLAZA DE CONCEPCIÓN NO. 20  ENTRE BELISARIO DOMÍNGUEZ Y PERÚ  COL. CENTRO  DEL. CUAUHTÉMOC  C.P. 6010,CENTRO,CUAUHTÉMOC
504,CP14,C.A.I.S. CUAUTEPEC,COMETA S/N  ENTRE CALLE LA ESCALERA Y EL CLUB ECOLÓGICO PARA PERSONAS DE LA TERCERA EDAD  COL. CUAUTEPEC BARRIO ALTO  DEL. G.A.M.  C.P.07100 B,,GUSTAVO A. MADERO
505,CP47,JUVENTINO ROSAS,JOSÉ MÚJICA S/N MZ. 42  LT. 10  COL. LA FORESTAL  DEL. G.A.M. C.P.07140,JUVENTINO ROSAS,IZTACALCO
506,CP20,JOSÉ EMILIO PACHECO,CENTRO INTEGRAL DE DESARROLLO HUMANO JOSÉ EMILIO PACHECO  AV. SAN JUANICO S/N   ENTRE AV. PERIFÉRICO ESQ. RICARDO FLORES MAGÓN  COL.AMPL. GABRIEL HERNÁNDEZ  DEL. G.A.M. C.P. 07089,AMPL. GABRIEL HERNÁNDEZ,GUSTAVO A. MADERO
507,CP24,SAN ANDRÉS TETEPILCO,CALLE PORTO ALEGRE NO. 60 COL. EL RETOÑO  DEL. IZTAPALAPA  C.P. 09440. SE ENCUENTRA EN EL PREDIO DE PENSIONADOS Y JUBILADOS 17 DE MARZO ASOCIACIÓN CIVIL,EL RETOÑO,IZTAPALAPA
508,CP29,CASA DEL MENOR TRABAJADOR,JOSÉ MARÍA VIGÍL NO. 60  ENTRE CARLOS B. CETINA Y AV. REVOLUCIÓN  COL. ESCANDÓN  DEL. MIGUEL HIDALGO  C.P. 11800,ESCANDÓN,MIGUEL HIDALGO
509,CP32,ARGENTINA,CALLE LAGO COLHUE NO. 34  COL. ANTIGUA ARGENTINA  DELEGACIÓN MIGUEL HIDALGO. (EJÉRCITO DE SALVACIÓN),ANTIGÜA ARGENTINA,MIGUEL HIDALGO
510,CP37,CULTURA MAYA,HOPELCHEN S/N  ENTRE TEPAKAN Y PETO  COL. CULTURA MAYA  DEL.TLALPAN  C.P. 14230,CULTURA MAYA,TLALPAN
511,CP39,HOGAR LA ESPERANZA,LABRADORES 85  ESQ. IMPRENTA  COL. MORELOS  DEL. VENUSTIANO CARRANZA  C.P. 15270,MORELOS,VENUSTIANO CARRANZA
512,CP15,LA CASILDA,CALLE LA BRECHA S/N,CUAUTEPEC EL ALTO,GUSTAVO A. MADERO
513,CP25,MANUEL RIVERA ANAYA,AV DE LAS CULTRAS S/N U. HAB. MANUEL RIVERA ANAYA,EL ROSARIO,Azcapotzalco
514,CP07,PILAR MAZA DE JUAREZ,AMUZGOS S/N ENTRE TOTONACAS Y RAFAEL BUELNA,TEZOZOMOC,Azcapotzalco
515,CP21,25 DE JULIO,AV. 20 DE NOVIEMBRE S/N,25 DE JULIO,GUSTAVO A. MADERO
516,CP22,CARLOS MONSIVAIS,CALLE CAMINO DE LA ENSEÑANZA ESQ. CAMINO DEL TRIUNFO,CAMPESTRE ARAGÓN,GUSTAVO A. MADERO
517,CP02,CASA DE LA JUVENTUD ARTE Y CULTURA,RIO YAPURA S/N,ARGENTINA PONIENTE,Miguel Hidalgo
518,CP31,UNIVERSIDAD DE LA VIDA,CALZ. LEGARIA #373,MÉXICO NUEVO,Miguel Hidalgo
519,CP46,PANTITLAN,CANAL DE CHURUBUSCO ENTRE LA 2A. Y 3A. CDA DE RIO CHURUBUSCO,AGRICOLA PANTITLAN,IZTACALCO
520,CP16,CENTRO COMUNITARIO SOBERANIA POPULAR,CALLE QUETZAL ESQ. TOPILTZIN,PARAISO,IZTAPALAPA
521,CP30,EL SALADO,ALEJANDRO AURA ESQ. OYAMEL,SOLIDARIDAD,IZTAPALAPA
522,CP05,CENTRO COMUNITARIO TEMAZCAL,TEMAZCAL MZ.6 LT.39,SAN PABLO II,IZTAPALAPA
523,CP18,SAN FRANCISCO,HÉROES DE NACOZARI S/N,MODULO SAN FRANCISCO,MAGDALENA  CONTRERAS
524,CP19,PUEBLO DE LA MAGDALENA ATLITIC,BENITO JUÁREZ S/N,MODULO MAGDALENA,MAGDALENA  CONTRERAS
525,CP50,MONTE DE LAS CORDILLERAS (CP06),AV. MONTE DE LAS CORDILLERAS S/N ESQ. LAGUNA DEL ENSUEÑO,CELENE,TLAHUAC
526,CP45,SAN MIGUEL XICALCO,C. 16 DE SEPTIEMBRE #6,PUEBLO DE SAN MIGUEL XICALCO,TLALPAN
527,CP28,CENTRO DE BARRIO XOCHITEPEC,AV. SANTIAGO S/N ESQ. CAMPO DEPORTIVO,SANTA CRUZ XOCHITEPEC,XOCHIMILCO
528,CP51,COMUNIDAD MIXICA (CP10),REAL DE LOS OLIVOS S/N ESQ. GARDENIA,COMUNIDAD MEXICA,XOCHIMILCO
529,CP49,PARROQUIA DE SANTA CRUZ ACALPIXCA (CP09),LAZARO CARDENAS S/N ESQ. 20 DE NOV,PUEBLO DE SANTA CRUZ ACALPIXCA,XOCHIMILCO
530,CP41,CAM SAN GREGORIO,AV. CHAPULTEPEC S/N ESQ. AGUSTIN MELGAR,PUEBLO SAN GREGORIO ATLAPULCO,XOCHIMILCO
531,CP35,CAM TULYEHUALCO,AV. FRANCISCO I. MADERO #35,PUEBLO SANTIAGO TULYEHUALCO,XOCHIMILCO
532,CP36,DEPORTIVO PARRES,CALLE GUERRERO S/N,PUEBLO PARRES EL GUARDA,TLALPAN
533,,JALALPA,CENTRO COMUNITARIO RICARDO FLORES MAGÓN. JALALPA S/N  ENTRE TUXTILLA Y AND. COLOSIO  COL. JALALPA TEPITO  DEL. ÁLVARO OBREGÓN  C.P. 01296,,ÁLVARO OBREGÓN
534,,SAN ANTONIO,CAMPO LAS PIEDRAS  NO. 25  ENTRE CALLE CANTEMOC Y CAMPO FORTUNA NACIONAL COL. SAN ANTONIO  DEL. AZCAPOTZALCO  C.P. 02720,,AZCAPOTZALCO
535,,NATIVITAS,BERTHA NO. 135  ENTRE CALLE DON LUIS Y DON JUAN COL. NATIVITAS  DEL.BENITO JUÁREZ  C.P. 03500,,BENITO JUÁREZ
536,,SAN SIMÓN,CERRADA DE JUAN ESCUTIA 66-1  ENTRE CALLE SAN SIMÓN Y ANTONIO RODRÍGUEZ COL. SAN SIMÓN TUCUMÁN  DEL. BENITO JUÁREZ  C.P. 03660,,BENITO JUÁREZ
537,,UAPVIF B.J.,EJE 5 SUR RAMOS MILLÁN  NO. 95  ENTRE ISABEL LA CATÓLICA Y EJE CENTRAL LÁZARO CÁRDENAS  COL. NIÑOS HÉROES DE CHAPULTEPEC  DEL. BENITO JUÁREZ  C.P. 03440,,BENITO JUÁREZ
538,,ANTILLAS,ANTILLAS NO. 607  ENTRE CALLE LAS ROSAS Y REY GOLDMAN  COL. PORTALES NORTE  DEL. BENITO JUÁREZ  C.P. 03300,,BENITO JUÁREZ
539,,CULHUACÁN,AVENIDA CARMEN SERDÁN S/N ESQ. ADELITA  Y AVENIDA EMILIANO ZAPATA.COL. CARMEN SERDÁN  C.P 04910. REFERENCIA IGLESIA  DEL CARMEN,,COYOACÁN
540,,CASA YEKKAN,CERRADA JESÚS ROMERO FLORES S/N  JUNTO AL 24 ENTRE CALLE ECHANOVÉ Y PROLONGACIÓN CASTORENA COL. EL MOLINO DEL. CUAJIMALPA C.P 05000,,CUAJIMALPA
541,,SANTO TOMAS,CALLE SANTO TOMAS NO. 89-A   COLONIA CENTRO  DELEGACIÓN CUAUHTÉMOC. CP. 06060  A DOS CUADRAS DEL METRO MERCED,,CUAUHTÉMOC
542,,NUEVA ATZACOALCO,CALLE 319  NO. 822  ENTRE CALLE 316 Y 318  COL. NUEVA ATZACOALCO  DEL.G.A.M. C.P. 07420,,GUSTAVO A. MADERO
543,,TICOMÁN,GUILLERMO MASSIEU HELGUERA NO. 51  ENTRE TICOMÁN Y AV. INSTITUTO POLITÉCNICO NACIONAL COL. LA ESCALERA  DEL. G.A.M.  C.P. 07320,,GUSTAVO A. MADERO
544,,SAN FELIPE DE JESÚS,SALVATIERRA MZ. 264  LT. 3990  ENTRE OTUMBA Y SALAGUA  COL. SAN FELIPE DE JESÚS  DEL. G.A.M.  C.P. 07510,,GUSTAVO A. MADERO
545,,MARTÍN CARRERA,JOSÉ JOAQUÍN HERRERA  ENTRE AV. 5 DE FEBRERO Y GENERAL RAMÓN LÓPEZ RAYÓN  COL. MARTÍN CARRERA  DEL. G.A.M.  C.P. 07070,,GUSTAVO A. MADERO
546,,CONSTITUCIÓN,JOSÉ DE LA LUZ ROSA NO. 35  ENTRE MATEO E. CHAIS Y ESPIRARÍAN MORENO  COL. CONSTITUCIÓN DE LA REPÚBLICA  DEL. G.A.M.   07469,,GUSTAVO A. MADERO
547,,TLALPEXCO,SAUCES MZ. 93 LT. 23  ENTRE DELICIAS Y FRANCISCO VILLA  COL. TLALPEXCO  DEL. G.A.M.  C.P. 07188,,GUSTAVO A. MADERO
548,,ZAPATA VELA,DEPORTIVO ZAPATA VELA LENGUAS INDÍGENAS S/N  MZ. 001  ENTRE CANAL DE CHURUBUSCO Y APATLACO Y TEZONTLE  ESQ. RIO CHURUBUSCO  COL.CARLOS ZAPATA VELA  DEL. IZTACALCO. C.P. 08040,,IZTACALCO
549,,AGRÍCOLA ORIENTAL,AV. SUR 20  NO. 63-1  ENTRE ORIENTE 217 Y ORIENTE 219  COL. AGRÍCOLA ORIENTAL  DEL. IZTACALCO. C.P. 08500,,IZTACALCO
550,,RINCONADA DEL MOLINO,MOLINO DE LA GARDENIA  MZ. 2 LT. 21  ENTRE PROYECTO Y MOLINO DE ROSAS  COL. RINCONADA DEL MOLINO  DEL. IZTAPALAPA  C.P. 09960,,IZTAPALAPA
551,,ESCUADRÓN 201,ALFONSO TORO  ESQ. SUBTENIENTE MARIO FERNANDO LÓPEZ PORTILLO  COL. ESCUADRÓN 201  DEL. IZTAPALAPA  C.P. 09060,,IZTAPALAPA
552,,SANTA MARÍA TOMATLÁN,PROSPERO GARCÍA  NO. 2  ENTRE CANAL NACIONAL Y AV. TLÁHUAC  COL. SANTA MARÍA TOMATLÁN  DEL. IZTAPALAPA  C.P. 09870,,IZTAPALAPA
553,,FARO DE ORIENTE,CALZ .IGNACIO ZARAGOZA S/N  ENTRE METRO ACATITLA Y PEÑÓN VIEJO  COL. FUENTES DE ZARAGOZA  DEL. IZTAPALAPA  C.P. 09150,,IZTAPALAPA
554,,EL ROSAL,AV. PALMAS NO. 441  ENTRE LIRIO Y  COCOS  COL. EL ROSAL  DEL. MAGDALENA CONTRERAS  C.P. 10600,,MAGDALENA  CONTRERAS
555,,EL OCOTAL,COCONETLA NO. 12  ESQ. TOCHIHUEHUE  CRESCENCIO JUÁREZ CHAVIRA  COL. EL OCOTA   DEL. MAGDALENA CONTRERAS  C.P. 10630,,MAGDALENA  CONTRERAS
556,,TLAXPANA,TONANZIN NO. 65  DEPTO. A 101  ENTRE NEZAHUALPILLI Y ATZAYACATL  COL. TLAXPANA  DEL. MIGUEL HIDALGO  C.P. 11370,,MIGUEL HIDALGO
557,,MÉXICO NUEVO,PONIENTE 139-A  NO. 737  ENTRE SANTA CRUZ COACALCO Y LAGO ATITLÁN  COL. MÉXICO NUEVO  DEL. MIGUEL HIDALGO  C.P. 11260,,MIGUEL HIDALGO
558,,SAN SALVADOR CUAUHTENCO,OCTAVA CERRADA DE NIÑOS HÉROES NO. 9  ENTRE JUAN ESCUTIA Y MINA PUEBLO COL.SAN SALVADOR CUAUTENCO  DEL. MILPA ALTA  C.P. 12300,,MILPA ALTA
559,,LOS OLIVOS,BUENA SUERTE NO. 154  ENTRE TESORO Y PROVIDENCIA  COL. AMPL. LOS OLIVOS  DEL TLÁHUAC  C.P. 13210,,TLAHUAC
560,,MIGUEL HIDALGO,FAUSTO MZ. 101  LT. 66  ENTRE CENICIENTA (FRANCISCO I. MADERO) Y LA TURBA  COL. MIGUEL HIDALGO  DEL. TLÁHUAC  C.P. 13200,,TLAHUAC
561,,LA CONCHITA,GARDENIAS S/N  COL. AMPLIACIÓN LA CONCHITA ZAPOTITLÁN C.P. 13360  ENTRE PROLONGACIÓN SEBASTIÁN TREJO Y NOCHE BUENA  HAY UNA  ANTENA DE TELMEX AL LADO DEL COMEDOR.,,TLAHUAC
562,,PARRES,CALLE MORELOS NO. 20  ENTRE SIERRA DE PINOS Y MORELOS  COL. PARRES EL GUARDA  DEL. TLALPAN  C.P. 14900,,TLALPAN
563,,ISIDRO FABELA,5TA PONIENTE MZ. 1 LT. 18-2  ENTRE 4TA PONIENTE Y ZAPOTE  COL. ISIDRO FABELA  DEL. TLALPAN  C.P. 14030,,TLALPAN
564,,SAN ANDRÉS TOTOLTEPEC,PROL. JUÁREZ NO. 757  ENTRE XOCHIPILLI Y XOCHITLALLI COL. LA PALMA  DEL. TLALPAN  C.P. 14476,,TLALPAN
565,,SANTO TOMÁS AJUSCO,CENTRO CONVIVENCIA COMUNITARIA AJUSCO CALLE HERMENEGILDO GALEANA ESQ. RAMÓN CORONA S/N  COL. SANTO TOMÁS AJUSCO  DEL.TLALPAN  C.P. 14710,,TLALPAN
566,,XOCHITEPEC,AV. SANTIAGO S/N  ESQ. CAMPO DEPORTIVO CENTRO DE BARRIO  PUEBLO DE SANTA CRUZ XOCHITEPEC  DEL. XOCHIMILCO  C.P. 16100,,XOCHIMILCO
567,,TLAXOPAN,BUGAMBILIA MZ. 1 LT. 17  ALTA TENSIÓN Y BUGAMBILIA  COL. TLAXOPAN NORTE 4TA SECCIÓN  DEL. XOCHIMILCO  C.P. 16240,,XOCHIMILCO
568,,DEPORTIVO XOCHIMILCO,FRANCISCO GOITIA S/N ES. PROLONGACIÓN 16 DE SEPTIEMBRE  BARRIO DE SAN PEDRO DEL. XOCHIMILCO DENTRO DEL CENTRO DE NUTRICIÓN VALENTÍN GONZÁLEZ C.P. 16090,,XOCHIMILCO
569,,SAN MARCOS,MÓDULO DE BIENESTAR SOCIAL  OLMOS NO. 137  ENTRE TABACHINES Y DLILXOCHITL  COL. AMPLIACIÓN SAN MARCOS. DEL XOCHIMILCO C.P. 16050,,XOCHIMILCO
570,,ARENAL,MAXTLA 11-B NO. 36  ENTRE PIPIXCA Y OCOSOLIN  COL. ARENAL PUERTO AÉREO 4TA SECCIÓN  DEL. VENUSTIANO CARRANZA  C.P. 15640,,VENUSTIANO CARRANZA
571,,PAULINO NAVARRO,CALLEJÓN SAN FRANCISCO TULTENCO S/N  ENTRE AV. DEL TALLER Y PROLONGACIÓN TOPACIO  COL. PAULINO NAVARRO  DEL. CUAUHTÉMOC C.P.06870,,CUAUHTÉMOC
572,,VISTA HERMOSA,CENTRO DE DESARROLLO SOCIAL Y CULTURAL VISTA HERMOSA  CALLE LOMAS ESTRELLA  ENTRE CALLE EL MIRADOR  Y LOMA DEL SOL  COL. VISTA HERMOSA  DEL. G.A.M.  C.P.  07187,,GUSTAVO A. MADERO
